link_id,swat_sub,feature,to_node,us_area,contrib_area,slope,link_len,wetland_area,fainN,fainC,routing_depth,is_hw,pEM
1,103,1,3,4779000,3517200,0.007404,2806.2,0,0.62627,0.065738,42,0,0
2,103,1,3,877500,124200,0.00217,513.23,0,0.87987,0.0839,42,0,0
3,103,1,582,6597900,941400,0.001849,925.16,0,0.4162,0.14424,41,0,0
4,99,1,19,4558500,4558500,0.002747,1642.2,0,0.26108,0.0016068,33,1,0
5,99,1,19,3631500,3631500,0.001738,2314,0,0.76751,0.089311,33,1,0
6,101,1,13,711000,711000,0.002946,981.15,0,0.89864,0.0059028,31,1,0
7,102,1,13,10555200,10555200,0.001233,2145,0,0.72281,0.0067293,31,1,0
8,101,1,14,3357900,3357900,0.003932,1344.4,0,0.81251,0.00667,30,1,0
9,101,1,12,10022400,10022400,0.003897,987.89,0,0.6125,0.019379,31,1,0
10,101,1,12,3636000,3636000,0.004085,2011.6,0,0.75266,0.019599,31,1,0
11,101,1,14,598500,87300,0.003422,442.41,0,0.88898,0,30,0,0
12,101,1,15,14145300,486900,0.002179,901.62,0,0.8387,0.042066,30,0,0
13,101,1,15,14864400,3598200,0.001326,2047.9,0,0.88886,0.0037983,30,0,0
14,101,1,51,11115000,7158600,0.001693,4314.3,0,0.76789,0.0080221,29,0,0
15,101,1,51,29012400,2700,0.001774,39.44,0,0.93813,0.061866,29,0,0
16,82,1,17,6468300,6468300,0.00209,3614,0,0.67094,0.0026228,35,1,0
17,82,1,25,12708900,6240600,0.002836,3870,0,0.9215,0.0077378,34,0,0
18,82,1,25,5410800,5410800,0.003085,3853.4,0,0.88859,0.0087285,34,1,0
19,99,1,20,14331600,6141600,0.001077,2745.3,0,0.5685,0.017403,32,0,0
20,99,1,45,16443900,2112300,0.004113,2463.6,0,0.89621,0.011368,31,0,0
21,99,1,22,43988400,43988400,0.000552,3957,0,0.64937,0.0063989,32,1,0
22,99,1,45,53366400,9378000,0.000952,3232.7,0,0.58218,0.0092337,31,0,0
23,100,1,24,12538800,7981200,0.001645,3063.9,0,0.38982,0.012933,43,0,0
24,100,1,35,17385300,4846500,0.001119,3280.2,0,0.46853,0.012952,42,0,0
25,82,1,64,20048400,1928700,0.002099,2316.5,0,0.70507,0.025068,33,0,0
26,82,1,27,10622700,10622700,0.003456,2987.9,0,0.86876,0.010019,34,1,0
27,82,1,64,12942000,2319300,0.002271,2852.7,0,0.95592,0.01813,33,0,0
28,88,1,35,9434700,9434700,0.001593,2228.6,0,0.89557,0.0064189,42,1,0
29,93,1,552,9668700,534600,0.002957,811.09,0,0.45348,0.12663,29,0,0
30,91,1,31,4468500,4468500,0.001628,2583.8,0,0.32981,0.092496,37,1,0
31,91,1,50,7641900,3173400,0.004314,2463.9,0,0.86887,0.014245,36,0,0
32,91,1,34,8436600,5133600,0.00195,3959.1,0,0.9024,0.016993,38,0,0
33,91,1,50,23864400,5031000,0.002838,4112.6,0,0.85114,0.027846,36,0,0
34,91,1,33,18833400,10396800,0.002004,4275.3,0,0.8547,0.0069962,37,0,0
35,88,1,47,29159100,2339100,0.002012,2691,0,0.69275,0.055437,41,0,0
36,87,1,37,7902900,7902900,0.0001,3794.8,0,0.85475,0.025202,28,1,0
37,87,1,57,15163200,7260300,0.001508,3925.5,0,0.77839,0.029362,27,0,0
38,88,1,47,2175300,2175300,0.003277,1724.2,0,0.87882,0.0079,41,1,0
39,95,1,104,6022800,6022800,0.000657,1697,0,0.81888,0.0044839,38,1,0
40,93,1,552,11799900,11799900,0.001542,1123.9,0,0.44345,0.018341,29,1,0
41,87,1,57,7016400,7016400,0.001772,4852.1,0,0.75304,0.03228,27,1,0
42,93,1,552,10200600,10200600,0.004535,1371.1,0,0.82226,0.022058,29,1,0
43,95,1,44,35505000,4436100,0.001079,2989.9,0,0.51283,0.020426,39,0,0
44,95,1,104,38159100,2654100,0.001572,2642.1,0,0.74393,0.022358,38,0,0
45,99,1,61,82170900,12360600,0.000672,4671.4,0,0.54092,0.020871,30,0,0
46,90,1,61,4663800,2277900,0.001754,1217.7,0,0.82928,0.013725,30,0,0
47,88,1,83,31948200,613800,0.000194,1313.6,0,0.79273,0.16298,40,0,0
48,88,1,83,7536600,7536600,0.002594,4691.3,0,0.76535,0.010886,40,1,0
49,91,1,54,10914300,5288400,0.0012,4332.2,0,0.70418,0.045578,35,0,0
50,91,1,54,36221400,4715100,0.002212,4592,0,0.73289,0.010074,35,0,0
51,101,1,52,46890900,6763500,0.000789,4393.6,0,0.59282,0.01418,28,0,0
52,97,1,56,53936100,7045200,0.001395,4447.2,0,0.2588,0.029845,27,0,0
53,93,1,56,61833600,1796400,0.00118,2473,0,0.67412,0.038652,27,0,0
54,91,1,69,48408300,1272600,0.000976,833.89,0,0.76853,0.0048773,34,0,0
55,93,1,552,13108500,13108500,0.001572,4003,0,0.66548,0.015413,29,1,0
56,87,1,75,116202600,432900,0.000213,726.13,0,0.25377,0.066397,26,0,0
57,87,1,75,27445500,5265900,0.00083,3977.4,0,0.75982,0.029001,26,0,0
58,90,1,59,18644400,18644400,0.0001,3919.1,0,0.71211,0.0098208,31,1,0
59,90,1,60,22896000,4251600,0.000602,3499.9,0,0.84485,0.02252,30,0,0
60,90,1,129,30644100,7748100,0.001637,4144.9,0,0.7566,0.018499,29,0,0
61,90,1,129,91632600,4797900,0.0001,2893.1,0,0.62117,0.022966,29,0,0
62,94,1,63,7175700,7175700,0.003524,3009.8,0,0.85013,0.036527,35,1,0
63,91,1,69,10041300,2865600,0.001907,3087,0,0.89406,0.0055394,34,0,0
64,82,1,65,46397700,13407300,0.001805,4912.8,0,0.64382,0.0090414,32,0,0
65,82,1,74,52650000,6252300,0.000969,4969.8,0,0.63471,0.0084008,31,0,0
66,82,1,74,734400,0,0.000308,43.42,0,0,0,31,0,0
67,89,1,68,7193700,7193700,0.001112,2772.5,0,0.86994,0.0082284,37,1,0
68,89,1,89,10926000,3732300,0.003812,2839.8,0,0.74183,0.010993,36,0,0
69,91,1,76,58982400,532800,0.0001,1262.1,0,0.37037,0.107,33,0,0
70,89,1,71,8709300,8709300,0.002106,4039.2,0,0.70115,0.01531,37,1,0
71,89,1,89,13063500,4354200,0.00334,4148.3,0,0.91134,0.0079897,36,0,0
72,86,1,92,5755500,996300,0.000539,1440.5,0,0.12594,0.10024,32,0,0
73,76,1,550,2953800,38700,0.005305,144.43,0,0.83359,0.097165,31,0,0
74,82,1,114,54092700,708300,0.000261,967.91,0,0.91638,0.046318,30,0,0
75,87,1,99,144690300,1042200,0.001263,1634.3,0,0.68023,0.051427,25,0,0
76,86,1,92,111163500,3330900,0.000854,3562.1,0,0.62633,0.066122,32,0,0
77,89,1,76,48850200,1742400,0.0001,2554.6,0,0.78645,0.040688,33,0,0
78,53,1,79,8702100,8702100,0.000751,4079.5,0,0.72114,0.0074571,55,1,0
79,53,1,96,15409800,6707700,0.000809,4160,0,0.77022,0.053546,54,0,0
80,53,1,96,5406300,5406300,0.002024,3413,0,0.58981,0.053469,54,1,0
81,82,1,82,4699800,4699800,0.000749,2970.9,0,0.43256,0.011662,31,1,0
82,82,1,114,6987600,2287800,0.000192,2841.7,0,0.6523,0.062123,30,0,0
83,88,1,88,47140200,7655400,0.000929,3847.1,0,0.59668,0.021732,39,0,0
84,83,1,88,1548000,15300,0.0012,263.86,0,0.95165,0.048348,39,0,0
85,87,1,99,10582200,10582200,0.001558,4519.2,0,0.68142,0.012546,25,1,0
86,83,1,87,3303900,3303900,0.00097,2587.5,0,0.81347,0.005335,39,1,0
87,83,1,93,7749000,4445100,0.000862,2563.2,0,0.37293,0.0079169,38,0,0
88,83,1,93,53585100,4896900,0.001746,2986.7,0,0.70184,0.008303,38,0,0
89,89,1,94,27241200,3251700,0.0016,2475.8,0,0.55781,0.0070195,35,0,0
90,85,1,91,6129000,6129000,0.002385,3185.9,0,0.93216,0.014305,36,1,0
91,89,1,94,9411300,3282300,0.003457,2975.6,0,0.9476,0.0067211,35,0,0
92,86,1,560,119238300,2319300,0.0001,1705.2,0,0.25467,0.019715,31,0,0
93,83,1,112,69941700,8607600,0.00074,2180.4,0,0.47529,0.012288,37,0,0
94,89,1,77,44631000,7978500,0.001841,3528.4,0,0.88577,0.0072693,34,0,0
95,89,1,77,2476800,2476800,0.001127,2718.1,0,0.87883,0.031261,34,1,0
96,53,1,101,23135400,2319300,0.001607,2420.4,0,0.78412,0.014236,53,0,0
97,81,1,555,3096000,3096000,0.0001,3110.3,0,0.40325,0.024847,30,1,0
98,79,1,107,2421000,10800,0.002347,134.32,0,0.028068,0.22193,24,0,0
99,87,1,107,159408900,4136400,0.000245,4652.2,0,0.38032,0.10972,24,0,0
100,83,1,112,1934100,1934100,0.001777,1748.3,0,0.64236,0.0039658,37,1,0
101,53,1,127,37625400,61200,0.004129,280.96,0,0.31598,0.22646,52,0,0
102,53,1,127,2538900,2538900,0.003014,2532.9,0,0.68105,0.040406,52,1,0
103,53,1,115,6057000,6057000,0.002522,1735.7,0,0.71058,0.0013588,54,1,0
104,92,1,106,52074000,7892100,0.000742,4204.1,0,0.57798,0.0072637,37,0,0
105,84,1,123,61197300,5184900,0.00299,4044.8,0,0.75995,0.033944,35,0,0
106,84,1,105,56012400,3938400,0.002332,3892.1,0,0.81551,0.017335,36,0,0
107,79,1,117,161944200,114300,0.001222,280.77,0,0.031298,0.13406,23,0,0
108,77,1,560,5579100,5579100,0.00127,3211.9,0,0.83286,0.014118,31,1,0
109,81,1,555,2435400,853200,0.002979,943.04,0,0.8115,0.12249,30,0,0
110,81,1,143,6600600,0,0.003791,15.18,0,0,0,28,0,0
111,79,1,117,6687900,6687900,0.001278,4773.9,0,0.70715,0.025993,23,1,0
112,83,1,113,76349700,4473900,0.002089,4095.5,0,0.61889,0.030987,36,0,0
113,70,1,123,81072900,4723200,0.002296,4071.9,0,0.62803,0.038368,35,0,0
114,82,1,116,68373000,7292700,0.000803,4414.7,0,0.18807,0.023252,29,0,0
115,53,1,101,14428800,4241700,0.000252,3208.5,0,0.75582,0.00052318,53,0,0
116,80,1,143,217038600,5787900,0.000323,3595.9,0,0.088387,0.047262,28,0,0
117,79,1,149,170983800,2351700,0.00104,1292.1,0,0.018784,0.043321,22,0,0
118,79,1,149,1512000,34200,0.000881,306.01,0,8.77E-12,0,22,0,0
119,53,1,115,4130100,4130100,0.001104,2077.2,0,0.35218,0.028946,54,1,0
120,76,1,121,10721700,7029900,0.000247,2478.8,0,0.84086,0.017503,29,0,0
121,76,1,131,15247800,4526100,0.001094,2723.5,0,0.72205,0.01413,28,0,0
122,70,1,135,4833000,4833000,0.0026,4607.5,0,0.94601,0.0072991,34,1,0
123,70,1,135,144064800,1794600,0.001506,2120.4,0,0.20277,0.038673,34,0,0
124,53,1,125,12007800,12007800,0.000465,3848.6,0,0.88812,0.028905,53,1,0
125,53,1,126,19658700,7650900,0.000693,3894.9,0,0.8422,0.061412,52,0,0
126,53,1,184,24146100,4487400,0.001333,3652.1,0,0.94578,0.013584,51,0,0
127,53,1,184,42009300,1845000,0.000865,1991.9,0,0.93276,0.021945,51,0,0
128,80,1,116,142877700,2601000,0.002247,2456.1,0,0.81955,0.011436,29,0,0
129,90,1,130,126878400,4601700,0.000787,3446.2,0,0.75673,0.05508,28,0,0
130,76,1,142,146123100,19244700,0.0001,3939.7,0,0.62169,0.01137,27,0,0
131,76,1,142,26514000,2692800,0.0001,2096.9,0,0.84914,0.031358,27,0,0
132,76,1,131,8573400,4938300,0.001099,2747.4,0,0.90848,0.022296,28,0,0
133,64,1,543,2833200,192600,0.01202,287.95,0,0.75313,0.10578,21,0,0
134,64,1,543,2965500,2965500,0.000787,2692.8,0,0.31299,0.012772,21,1,0
135,70,1,158,153032400,4134600,0.001493,1931.2,0,0.6813,0.029241,33,0,0
136,77,1,560,969750,432000,0.001576,895.57,0,0.71957,0.042598,31,0,0
137,70,1,141,2266200,108000,0.006408,390.61,0,0.91533,0.0055266,32,0,0
138,70,1,141,1765800,417600,0.006222,1006.5,0,0.88783,0,32,0,0
139,73,1,205,13145400,1137600,0.006844,958.45,0,0.89573,0.026931,20,0,0
140,66,1,172,11965500,17100,0.004796,77.22,0,3.51E-12,0.10526,28,0,0
141,70,1,154,4098600,66600,0.008774,415.9,0,0.80123,0.05389,31,0,0
142,76,1,165,175590900,2953800,0.001101,3582.5,0,0.49147,0.060256,26,0,0
143,81,1,144,225758700,2119500,0.000336,3748.1,0,0.25955,0.16097,27,0,0
144,81,1,165,227439000,1680300,0.000208,3745.5,0,0.20516,0.15262,26,0,0
145,70,1,158,25815600,4335300,0.002693,2571.3,0,0.49836,0.040927,33,0,0
146,70,1,147,5013900,5013900,0.001766,2940.4,0,0.70266,0.0033167,35,1,0
147,70,1,145,8976600,3962700,0.003567,2820.8,0,0.95371,0.0078665,34,0,0
148,70,1,152,9101700,7971300,0.002327,3726.6,0,0.81392,0.069922,29,0,0
149,79,1,150,181373400,8877600,0.000422,3538.3,0,0.55885,0.042078,21,0,0
150,65,1,205,186409800,5036400,0.000956,3536.1,0,0.18236,0.058084,20,0,0
151,70,1,153,6271200,6271200,0.00287,4791.4,0,0.92545,0.0072669,30,1,0
152,70,1,172,220391100,3708000,0.000997,2950.6,0,0.083819,0.046517,28,0,0
153,70,1,152,207581400,3283200,0.001421,2909.5,0,0.16309,0.057851,29,0,0
154,70,1,153,198027000,1584000,0.000845,1846.1,0,0.34049,0.063831,30,0,0
155,58,1,156,15067800,15067800,0.000194,4594.9,0,0.74172,0.015121,48,1,0
156,58,1,175,21879900,6812100,0.001949,4585.4,0,0.80229,0.0071546,47,0,0
157,68,1,166,3391200,3391200,0.001154,2744.7,0,0.70652,0.016722,27,1,0
158,70,1,162,182919600,4071600,0.00157,2153,0,0.31772,0.026746,32,0,0
159,75,1,160,15119100,15119100,0.001087,4174.5,0,0.88481,0.013963,49,1,0
160,75,1,161,38254500,23135400,0.001016,4216.9,0,0.79885,0.016147,48,0,0
161,74,1,175,53854200,15599700,0.002598,4320.4,0,0.86321,0.021309,47,0,0
162,70,1,154,192344400,3794400,0.001521,3785.7,0,0.14081,0.063506,31,0,0
163,70,1,164,7545600,7545600,0.002141,3206.9,0,0.63326,0.012993,35,1,0
164,70,1,145,12503700,4958100,0.00262,3170.2,0,0.87621,0.0077488,34,0,0
165,68,1,177,404104500,1074600,0.0001,2184.1,0,0.35014,0.15338,25,0,0
166,68,1,167,28354500,7531200,0.000813,3734.8,0,0.85027,0.015423,26,0,0
167,68,1,177,47745000,19390500,0.000235,3589,0,0.69962,0.016424,25,0,0
168,68,1,169,9138600,9138600,0.000734,3916,0,0.724,0.0028882,28,1,0
169,68,1,166,17432100,8293500,0.0001,3838.9,0,0.74871,0.014453,27,0,0
170,70,1,162,5630400,5630400,0.003151,2996.2,0,0.93224,0.013407,32,1,0
171,66,1,576,12509100,594900,0.002081,329.96,0,0.033407,0.070314,28,0,0
172,66,1,173,234612000,2255400,0.000204,2592.7,0,0.034838,0.068779,27,0,0
173,66,1,540,237656700,3044700,0.001239,2668.8,0,0.036277,0.066099,26,0,0
174,66,1,540,42640200,17100,0.001277,153.66,0,0,0.21053,26,0,0
175,58,1,179,77456700,1722600,0.00188,2418,0,0.96524,0.0052442,46,0,0
176,61,1,219,2720700,8100,0.016737,56.85,0,0.10613,0.89387,23,0,0
177,68,1,178,460030500,8181000,0.000424,3112.1,0,0.72824,0.033827,24,0,0
178,61,1,219,464549400,4518900,0.000353,3074,0,0.70814,0.061181,23,0,0
179,58,1,236,100007100,30600,0.007865,213.61,0,0.92304,0.076961,45,0,0
180,58,1,236,4284000,4284000,0.000279,1462.7,0,0.60779,0.007487,45,1,0
181,69,1,183,11171700,11171700,0.0017,1961.8,0,0.1451,0.033534,52,1,0
182,66,1,208,3897900,110700,0.000473,651.35,0,0.90047,0.050752,25,0,0
183,53,1,640,31345200,861300,0.000963,941.35,0,0.19364,0.039539,51,0,0
184,53,1,185,69846300,3690900,0.002768,3383.2,0,0.45888,0.022057,50,0,0
185,53,1,199,74229300,4383000,0.002314,3468,0,0.37296,0.068982,49,0,0
186,53,1,199,34399800,286200,0.00069,363.54,0,0.59137,0.017579,49,0,0
187,62,1,183,19312200,1179900,0.000172,1184.2,0,0.073193,0.033595,52,0,0
188,58,1,190,9880200,9880200,0.002734,3833,0,0.88257,0.020725,48,1,0
189,58,1,179,22519800,4508100,0.002085,3489.4,0,0.84805,0.010026,46,0,0
190,58,1,189,18011700,8131500,0.001274,3473.5,0,0.62207,0.04004,47,0,0
191,59,1,232,3614400,3614400,0.002092,2789.4,0,0.43352,0.0098931,31,1,0
192,71,1,193,10308600,3375000,0.001753,3568,0,0.88773,0.013626,33,0,0
193,71,1,194,17604900,7296300,0.003333,3583.4,0,0.81014,0.013939,32,0,0
194,59,1,232,26593200,8988300,0.001685,3476.9,0,0.91824,0.01288,31,0,0
195,62,1,187,2179800,109800,0.000559,705.77,0,0.020514,0.26637,53,0,0
196,60,1,204,1826100,1826100,0.003754,792.96,0,0.72332,0,32,1,0
197,53,1,243,8100900,8100900,0.003535,3752.2,0,0.66198,0.039251,48,1,0
198,60,1,204,6669000,6669000,0.001888,3181.2,0,0.72461,0.0076096,32,1,0
199,53,1,243,113160600,4531500,0.001049,2788.4,0,0.18648,0.024648,48,0,0
200,62,1,187,15952500,4484700,0.000698,1422.3,0,0.2609,0.031471,53,0,0
201,53,1,640,2148300,1044000,0.002073,979.14,0,0.79986,0.042548,51,0,0
202,62,1,200,11467800,5104800,0.000622,1006.9,0,0.39321,0.043447,54,0,0
203,61,1,216,3186900,3186900,0.007597,985.78,0,0.88524,0.032476,19,1,0
204,60,1,212,9156600,661500,0.001583,1098.3,0,0.97739,0.016327,31,0,0
205,65,1,206,204753600,5198400,0.000997,4249.8,0,0.31859,0.046106,19,0,0
206,65,1,222,211611600,6858000,0.001614,4147.8,0,0.50567,0.066489,18,0,0
207,40,1,229,12097800,32400,0.001934,180.28,0,0,0.25,23,0,0
208,66,1,209,287858700,2384100,0.000319,3916.4,0,0.47401,0.099078,24,0,0
209,40,1,229,290877300,3018600,0.000371,4200.7,0,0.51996,0.064921,23,0,0
210,63,1,211,23973300,3846600,0.000188,3407.9,0,0.7581,0.0046795,29,0,0
211,63,1,576,28852200,4878900,0.001886,3659.6,0,0.78471,0.01947,28,0,0
212,60,1,210,15884100,220500,0.002465,536.13,0,0.79253,0,30,0,0
213,64,1,214,37936800,30719700,0.000607,4082.6,0,0.82441,0.015399,19,0,0
214,64,1,215,59706000,21769200,0.000475,3678.7,0,0.52482,0.024574,18,0,0
215,64,1,238,69874200,10168200,0.00272,3624.8,0,0.76567,0.03528,17,0,0
216,61,1,222,508585500,4540500,0.000495,3808.7,0,0.53637,0.060762,18,0,0
217,61,1,216,500858100,5012100,0.000383,4996.1,0,0.28552,0.069064,19,0,0
218,60,1,212,6507000,6507000,0.001613,2972.8,0,0.76706,0.0047012,31,1,0
219,61,1,221,468626400,1356300,0.000745,3278.2,0,0.5617,0.18071,22,0,0
220,61,1,217,479938500,9097200,0.00049,3425.7,0,0.15538,0.029767,20,0,0
221,61,1,220,470841300,2214900,0.0001,3375.5,0,0.25476,0.11278,21,0,0
222,55,1,238,722848500,2651400,0.000371,3245.9,0,0.22309,0.11459,17,0,0
223,63,1,210,4242600,4242600,0.000713,2168.7,0,0.84919,0.0057276,30,1,0
224,57,1,228,5886900,5886900,0.002114,2848,0,0.64298,0.025909,29,1,0
225,40,1,570,8614800,8614800,0.000587,4450.9,0,0.55708,0.011401,25,1,0
226,57,1,228,1203300,36000,0.0001,501.08,0,0,0.025,29,0,0
227,54,1,260,7976700,4245300,0.000243,2955.4,0,0.43438,0.027459,28,0,0
228,57,1,260,7749000,658800,0.000714,978.94,0,0.18241,0.12026,28,0,0
229,40,1,230,309596400,6621300,0.0001,3263.9,0,0.28281,0.020068,22,0,0
230,40,1,266,313801200,4204800,0.0001,3486.1,0,0.20236,0.044943,21,0,0
231,40,1,266,4861800,371700,0.001183,603.48,0,0.56016,0.015822,21,0,0
232,59,1,233,38476800,8269200,0.002187,4368.2,0,0.79611,0.023329,30,0,0
233,45,1,289,45632700,7155900,0.001976,4428,0,0.73729,0.017907,29,0,0
234,61,1,217,15907500,5716800,0.001783,4093.4,0,0.82439,0.020846,20,0,0
235,20,1,331,8251200,8251200,0.009035,1015.2,0,0.93685,0.0096452,15,1,0
236,58,1,237,116186400,11895300,0.001201,4356.8,0,0.67697,0.013626,44,0,0
237,47,1,240,129564000,13377600,0.001745,4199.2,0,0.85676,0.026596,43,0,0
238,55,1,239,795394800,2672100,0.000619,3138.6,0,0.27971,0.11688,16,0,0
239,55,1,331,801207000,5812200,0.000297,3205.1,0,0.2267,0.033894,15,0,0
240,47,1,248,353522700,337500,0.001466,640.85,0,0.48829,0.12238,42,0,0
241,45,1,289,42092100,171900,0.000627,466.09,0,0.47336,0.13496,29,0,0
242,47,1,263,10990800,10990800,0.003486,3503.1,0,0.70871,0.031098,44,1,0
243,53,1,244,129322800,8061300,0.00187,3334.1,0,0.59498,0.051665,47,0,0
244,53,1,255,134208900,4886100,0.001884,3196.1,0,0.33528,0.052257,46,0,0
245,47,1,246,10588500,10588500,0.00226,2845.3,0,0.70202,0.0048268,42,1,0
246,47,1,326,14148000,3559500,0.003345,2836.2,0,0.89656,0.018215,41,0,0
247,61,1,234,7342200,7342200,0.001214,2536.9,0,0.95725,5.71E-05,21,1,0
248,47,1,326,361905300,3853800,0.000187,3193.3,0,0.67858,0.15723,41,0,0
249,61,1,234,2848500,2848500,0.0001,916.13,0,0.96165,0,21,1,0
250,45,1,252,5201100,5201100,0.002058,4181.9,0,0.93026,0.019757,34,1,0
251,45,1,254,25289100,11655900,0.002482,4157.7,0,0.68306,0.023629,32,0,0
252,45,1,251,13633200,8432100,0.002442,4005.9,0,0.59773,0.006932,33,0,0
253,45,1,241,37222200,3870900,0.002157,3765.5,0,0.84816,0.014667,30,0,0
254,45,1,253,33351300,8062200,0.001466,4017.1,0,0.84605,0.014878,31,0,0
255,47,1,256,199114200,5207400,0.001037,2929.6,0,0.22731,0.037198,45,0,0
256,47,1,263,203296500,4182300,0.001055,2841.3,0,0.54201,0.030169,44,0,0
257,47,1,255,59697900,5113800,0.001171,1572.6,0,0.32253,0.015592,46,0,0
258,47,1,257,8370000,8370000,0.005332,2650,0,0.45917,0.0051837,47,1,0
259,47,1,248,4528800,154800,0.003178,839.76,0,0.4799,0.45425,42,0,0
260,54,1,288,18381600,2655900,0.000261,2664,0,0.47728,0.080964,27,0,0
261,50,1,288,15031800,5217300,0.001275,2864.9,0,0.37293,0.019543,27,0,0
262,45,1,241,4698000,461700,0.002048,1005.8,0,0.80687,0.013867,30,0,0
263,47,1,240,223621200,9333900,0.00057,3730.9,0,0.49303,0.038376,43,0,0
264,47,1,277,5359500,5359500,0.003534,2343.8,0,0.76339,0.032119,50,1,0
265,47,1,277,8882100,8882100,0.005396,3731.1,0,0.60123,0.035613,50,1,0
266,40,1,281,328102200,9439200,0.001234,4609.6,0,0.64123,0.043856,20,0,0
267,47,1,257,46214100,3476700,0.000248,1738.3,0,0.73247,0.0042744,47,0,0
268,43,1,589,1597500,45900,0.001926,582.48,0,0.94555,0.054453,35,0,0
269,47,1,267,3203100,1395000,0.003852,1157.1,0,0.47749,0,48,0,0
270,40,1,281,5884200,5884200,0.00239,3880.3,0,0.82603,0.010513,20,1,0
271,43,1,273,7826400,6150600,0.00238,3681.6,0,0.78263,0.0065015,35,0,0
272,43,1,275,17163000,3432600,0.0025,3864.9,0,0.81791,0.0257,33,0,0
273,43,1,272,13730400,5904000,0.002329,3494.2,0,0.77994,0.014718,34,0,0
274,43,1,275,4107600,347400,0.003733,728.87,0,0.94579,0,33,0,0
275,43,1,292,21328200,57600,0.005604,212.84,0,0.95313,0,32,0,0
276,43,1,292,4569300,4569300,0.002855,1627.8,0,0.67732,0.014751,32,1,0
277,47,1,283,16672500,2430900,0.002153,2503.9,0,0.85404,0.015842,49,0,0
278,44,1,293,5786100,5786100,0.004533,1993,0,0.91417,0.013978,33,1,0
279,40,1,280,20871000,20871000,0.00038,2407.6,0,0.71816,0.011203,20,1,0
280,40,1,298,24930000,4059000,0.002262,2719.6,0,0.77556,0.01571,19,0,0
281,40,1,298,342071100,8084700,0.000702,4821.3,0,0.38486,0.051196,19,0,0
282,48,1,542,9032400,9032400,0.002778,3657.1,0,0.90756,0.012941,16,1,0
283,47,1,267,39534300,6330600,0.000715,3269.6,0,0.5678,0.013665,48,0,0
284,47,1,638,1633500,1633500,0.003361,703.05,0,0.085334,3.06E-13,50,1,0
285,42,1,541,11300400,109800,0.0001,342.85,0,0.29733,0.19295,14,0,0
286,44,1,293,10643400,152100,0.007348,476.38,0,0.97655,0,33,0,0
287,44,1,286,1673100,1673100,0.003958,1492.5,0,0.0079127,0,34,1,0
288,49,1,294,42255900,8842500,0.001062,4013.6,0,0.81035,0.011558,26,0,0
289,45,1,291,96169500,8444700,0.001548,4099.9,0,0.51924,0.044973,28,0,0
290,45,1,294,119644200,14521500,0.000822,4322.1,0,0.5978,0.017434,26,0,0
291,45,1,290,105122700,8953200,0.000174,4130.8,0,0.4145,0.020766,27,0,0
292,43,1,307,26334000,436500,0.001644,590.72,0,0.43875,0.030178,31,0,0
293,44,1,295,17622900,1193400,0.003212,1557.8,0,0.74599,0.042163,32,0,0
294,37,1,594,162025200,125100,0.0001,301.46,0,0.10275,0.1994,25,0,0
295,43,1,307,28879200,540900,0.000228,579.76,0,0.83867,0.086452,31,0,0
296,41,1,295,10715400,62100,0.004985,254.6,0,0.60841,0.20318,32,0,0
297,40,1,300,2940300,558900,0.000515,967.19,0,0.29019,0.114,18,0,0
298,40,1,300,367439400,438300,0.0001,630.69,0,0.021376,0.13673,18,0,0
299,46,1,286,8818200,8818200,0.003178,3893.5,0,0.92734,0.004411,34,1,0
300,40,1,314,371418300,1038600,0.0001,1284.6,0,0,0.099653,17,0,0
301,40,1,314,3114900,17100,0.000198,159.19,0,0.025136,0.44855,17,0,0
302,38,1,311,1469700,329400,0.004342,916.57,0,0,0,28,0,0
303,47,1,304,11875500,11875500,0.002773,3607,0,0.5267,0.031689,50,1,0
304,47,1,283,16531200,4655700,0.000718,3335.8,0,0.32725,0.027316,49,0,0
305,37,1,349,166828500,1414800,0.000705,963.52,0,0.114,0.065747,23,0,0
306,28,1,308,6293700,1063800,0.00053,1434.4,0,0.11498,0.16744,17,0,0
307,43,1,315,58918500,3705300,0.001086,3087.6,0,0.63027,0.042115,30,0,0
308,28,1,353,348176700,595800,0.00187,951.53,0,0.0067345,0.080879,16,0,0
309,36,1,317,100969200,2502900,0.000212,1599.9,0,0.24542,0.036411,24,0,0
310,38,1,311,75217500,1231200,0.0001,1622.3,0,0.26979,0.078201,28,0,0
311,38,1,313,82703700,6016500,0.000707,4327.4,0,0.1658,0.041144,27,0,0
312,36,1,309,93112200,3717900,0.000712,4359.6,0,0.3021,0.05257,25,0,0
313,36,1,312,89394300,6690600,0.00069,4426.4,0,0.65541,0.041937,26,0,0
314,40,1,353,375750000,1216800,0.001099,2372.5,0,0.08076,0.14113,16,0,0
315,38,1,310,69705900,2259000,0.0001,1600.5,0,0.047307,0.049107,29,0,0
316,39,1,588,5488200,5488200,0.006297,3032.4,0,0.84655,0.0034226,34,1,0
317,36,1,349,119403900,499500,0.000631,1262,0,0.19762,0.071247,23,0,0
318,33,1,322,1291500,136800,0.004295,286.87,0,0.26806,0.10694,43,0,0
319,33,1,322,6336000,6336000,0.003059,2509.8,0,0.24855,0.08164,43,1,0
320,34,1,324,5837400,5837400,0.003629,3535.3,0,0.56102,0.022555,42,1,0
321,38,1,310,4280400,64800,0.0001,453.02,0,0.045971,0.44014,29,0,0
322,33,1,324,13529700,5902200,0.000417,3446.9,0,0.26776,0.04574,42,0,0
323,25,1,351,5808600,5808600,0.005478,3240.7,0,0.23785,0.037442,38,1,0
324,34,1,330,22972500,3605400,0.002543,2527.2,0,0.17922,0.084715,41,0,0
325,36,1,309,5354100,5354100,0.004304,2852.1,0,0.90121,0.012676,25,1,0
326,47,1,327,383720400,7667100,0.001028,3910.2,0,0.55084,0.068523,40,0,0
327,47,1,328,388831500,5111100,0.000359,3965.7,0,0.59212,0.092551,39,0,0
328,25,1,351,392093100,3261600,0.000784,3869.4,0,0.27529,0.20569,38,0,0
329,32,1,335,6875100,6875100,0.005476,2901,0,0.59844,0.029646,40,1,0
330,32,1,335,26169300,1577700,0.002542,1271.3,0,0.20795,0.086924,40,0,0
331,20,1,333,813756600,4298400,0.000741,4445.5,0,0.66129,0.094114,14,0,0
332,20,1,355,826746300,3226500,0.001309,4575.3,0,0.38164,0.16002,12,0,0
333,20,1,332,823519800,9763200,0.0002,4529.1,0,0.72336,0.042695,13,0,0
334,20,1,355,2151900,2151900,0.005734,2624.9,0,0.57585,0.09465,12,1,0
335,32,1,343,33544800,500400,0.001804,760.12,0,0.087968,0.16265,39,0,0
336,32,1,330,1619100,1619100,0.01294,594.45,0,0.0086134,0.030853,41,1,0
337,38,1,315,8528400,800100,0.002495,1077.1,0,0.60924,0.069658,30,0,0
338,38,1,337,3835800,3835800,0.0001,3642.8,0,0.42076,0.0056925,31,1,0
339,35,1,340,7297200,5262300,0.000917,3640.6,0,0.91785,0.0028072,22,0,0
340,35,1,596,10764000,3466800,0.001679,3875.3,0,0.66894,0.003603,21,0,0
341,28,1,342,5242500,5242500,0.002556,2419.8,0,0.79894,0.011473,15,1,0
342,28,1,367,10664100,5421600,0.00303,2633.7,0,0.75338,0.0715,14,0,0
343,32,1,352,57129300,4101300,0.001967,2013.6,0,0.2697,0.068011,38,0,0
344,36,1,317,17935200,11392200,0.003612,1506.3,0,0.87612,0.0045113,24,0,0
345,32,1,343,19483200,227700,0.002831,423.96,0,0.059075,0.1267,39,0,0
346,36,1,344,4966200,4966200,0.001765,462.77,0,0.50555,0.0076436,25,1,0
347,32,1,345,1974600,47700,0.005982,498.79,0,6.29E-12,6.71E-12,40,0,0
348,35,1,596,2264400,2264400,0.006486,998.13,0,0.7206,0.025437,21,1,0
349,37,1,365,289844100,3611700,0.000143,4992,0,0.21914,0.094829,22,0,0
350,25,1,352,5379300,35100,0.008918,252.85,0,2.85E-13,0.28205,38,0,0
351,25,1,369,398403900,502200,0.001014,1404.6,0,0.48747,0.26579,37,0,0
352,25,1,369,62747100,238500,0.001727,744.87,0,0.25736,0.42837,37,0,0
353,28,1,354,727480800,3554100,0.000576,4667.5,0,0.056167,0.06808,15,0,0
354,28,1,367,732294000,4813200,0.001172,4818.9,0,0.42032,0.082815,14,0,0
355,20,1,417,829404000,505800,0.002961,1042.9,0,0.079925,0.2707,11,0,0
356,42,1,357,16306200,4464900,0.002171,2632.6,0,0.14894,0.036662,12,0,0
357,42,1,417,21522600,5216400,0.004319,2798.2,0,0.79037,0.072306,11,0,0
358,36,1,344,1576800,18000,0.001211,243.94,0,0.68228,0.30373,25,0,0
359,26,1,379,9651600,9651600,0.002919,3314.2,0,0.68874,0.0036035,33,1,0
360,26,1,379,6416100,6416100,0.002262,2636.5,0,0.43204,0.020141,33,1,0
361,32,1,636,1866600,245700,0.003736,299.09,0,0,1.63E-13,42,0,0
362,35,1,363,339129900,3772800,0.000127,4157.7,0,0.11954,0.057558,18,0,0
363,35,1,308,341287200,2157300,0.000786,4419.4,0,0.30907,0.18932,17,0,0
364,35,1,362,14915700,385200,0.000207,642.05,0,0.3697,0.33422,19,0,0
365,35,1,366,300525300,1399500,0.000647,3958.8,0,0.38364,0.22001,21,0,0
366,35,1,370,302852700,2327400,0.000743,3993.8,0,0.29989,0.1042,20,0,0
367,28,1,384,744317100,1359000,0.0001,2178.5,0,0.36971,0.18101,13,0,0
368,25,1,634,4862700,4862700,0.005597,1232,0,0.48355,0.040995,40,1,0
369,25,1,390,464064300,2913300,0.001978,2997,0,0.62688,0.097953,36,0,0
370,35,1,362,320441400,6221700,0.000102,3662.2,0,0.40258,0.021798,19,0,0
371,30,1,372,11718000,11718000,0.000452,4234.1,0,0.47936,0.067361,41,1,0
372,32,1,345,17280900,5562900,0.004027,4421.7,0,0.26566,0.065567,40,0,0
373,38,1,337,3892500,3892500,0.000207,2633.2,0,0.80863,0.007539,31,1,0
374,35,1,365,9281700,9281700,0.001955,4937.4,0,0.88862,0.015689,22,1,0
375,31,1,384,22029300,22029300,0.001582,4882.8,0,0.5843,0.015792,13,1,0
376,29,1,390,14499000,14499000,0.004906,2167.1,0,0.52924,0.027239,36,1,0
377,21,1,402,3128400,7200,0.011923,183.4,0,0.053884,0.94612,26,0,0
378,28,1,409,10550700,10550700,0.010514,1750.3,0,0.89352,0.031513,10,1,0
379,26,1,380,22569300,6501600,0.002392,3271.1,0,0.74373,0.00083056,32,0,0
380,26,1,383,25879500,3310200,0.002,3414.6,0,0.60829,0.048623,31,0,0
381,27,1,382,554849100,2691000,0.000956,2925.6,0,0.36053,0.20622,32,0,0
382,26,1,383,557505000,2655900,0.000876,3082.5,0,0.28532,0.18272,31,0,0
383,26,1,389,583389900,5400,0.000408,31.01,0,0,0.23056,30,0,0
384,28,1,386,772263000,5916600,0.0008,3842.7,0,0.49021,0.080376,12,0,0
385,28,1,409,780832800,6301800,0.001784,3761.9,0,0.6213,0.11255,10,0,0
386,28,1,385,774531000,2268000,0.001471,3960.8,0,0.46632,0.22926,11,0,0
387,26,1,395,6066900,6066900,0.001502,2446.2,0,0.72445,0.0061308,29,1,0
388,26,1,389,4204800,4204800,0.003213,847.5,0,0.39097,0.017656,30,1,0
389,26,1,395,588826800,1232100,0.000436,1472.1,0,0.060562,0.050147,29,0,0
390,25,1,392,480069900,1506600,0.000373,3381.5,0,0.23553,0.35765,35,0,0
391,27,1,381,495198900,4549500,0.0012,3364.5,0,0.26892,0.10022,33,0,0
392,25,1,391,490649400,10579500,0.000721,3463.5,0,0.23399,0.065292,34,0,0
393,35,1,394,9243000,9243000,0.001141,2732.4,0,0.79032,0.022603,21,1,0
394,35,1,370,11367000,2124000,0.00258,2481.6,0,0.93775,0.0076619,20,0,0
395,26,1,398,595247400,353700,0.003188,767.37,0,0.0333,0.10156,28,0,0
396,27,1,381,56959200,988200,0.001496,2063.1,0,0.76808,0.12095,33,0,0
397,26,1,402,624528900,3606300,0.000605,3664.5,0,0.19852,0.055901,26,0,0
398,26,1,397,616014900,4552200,0.0001,2453.1,0,0.23062,0.051644,27,0,0
399,26,1,397,4907700,1056600,0.002857,1011.9,0,0.03122,0.10023,27,0,0
400,24,1,603,14694300,14694300,0.002296,2535.3,0,0.73745,0.0088711,22,1,0
401,26,1,630,3720600,981900,0.006664,1383.9,0,0.84535,0.06862,29,0,0
402,21,1,405,632907900,5250600,0.000561,4700.4,0,0.16002,0.093722,25,0,0
403,21,1,421,654636600,7296300,0.000723,4781.3,0,0.7548,0.060769,22,0,0
404,21,1,403,647340300,5971500,0.00079,4663.6,0,0.18658,0.062707,23,0,0
405,21,1,404,641368800,8460900,0.0001,4628.1,0,0.33831,0.036005,24,0,0
406,21,1,421,3181500,3181500,0.005548,2189.4,0,0.31717,0.051648,22,1,0
407,26,1,398,16215300,3402000,0.005376,2744.1,0,0.76234,0.087363,28,0,0
408,26,1,407,5505300,0,0.000628,30.94,0,0,0,29,0,0
409,28,1,410,796147200,4763700,0.001247,4639.3,0,0.20065,0.1113,9,0,0
410,11,1,423,799763400,3616200,0.001934,4648.8,0,0.49017,0.32016,8,0,0
411,11,1,423,7414200,7414200,0.015445,2373.8,0,0.60612,0.06492,8,1,0
412,26,1,633,4507200,1823400,0.004602,299.33,0,0.73625,0.025879,31,0,0
413,22,1,396,28048500,5127300,0.002967,4191.5,0,0.75472,0.016817,34,0,0
414,22,1,413,6541200,6541200,0.003037,2128,0,0.62087,0.097561,35,1,0
415,7,1,434,26838900,2389500,0.0001,1844.2,0,0.57842,0.024261,20,0,0
416,26,1,407,7308000,369900,0.004433,842.18,0,0.97477,0.017032,29,0,0
417,20,1,419,854503200,3576600,0.001326,4546.7,0,0.17663,0.17652,10,0,0
418,20,1,420,862154100,3419100,0.001341,4466.9,0,0.26503,0.11354,8,0,0
419,20,1,418,858735000,4231800,0.001522,4470.5,0,0.35116,0.21828,9,0,0
420,20,1,441,868007700,5853600,0.001273,4473.9,0,0.58065,0.22484,7,0,0
421,21,1,430,658881000,1062900,0.001326,2175.9,0,0.46127,0.12028,21,0,0
422,20,1,441,4274100,4274100,0.014514,2556.1,0,0.71148,0.21108,7,1,0
423,11,1,426,809338500,2160900,0.002909,3145.5,0,0.11548,0.34363,7,0,0
424,11,1,426,1767600,1767600,0.019861,2207.8,0,0,0.00611,7,1,0
425,26,1,631,3580200,3580200,0.004073,795.79,0,0.8837,0.028471,31,1,0
426,11,1,446,812890800,1784700,0.00329,1863.2,0,0.065407,0.1857,6,0,0
427,18,1,428,20503800,4164300,0.002393,3396.8,0,0.7624,0.01228,23,0,0
428,16,1,429,215133300,14003100,0.000861,3287.7,0,0.64533,0.029883,22,0,0
429,16,1,430,220689000,5555700,0.0026,3565.7,0,0.72218,0.061331,21,0,0
430,14,1,431,886125600,6555600,0.0001,2989,0,0.51288,0.043279,20,0,0
431,14,1,451,888214500,2088900,0.000332,3018.2,0,0.18626,0.17748,19,0,0
432,27,1,433,23384700,4717800,0.000948,3408.7,0,0.50053,0.02274,35,0,0
433,27,1,396,27922500,4537800,0.00378,3320.7,0,0.89867,0.024947,34,0,0
434,7,1,448,36744300,4473900,0.000663,3828.6,0,0.88742,0.058668,19,0,0
435,7,1,448,515700,287100,0.003556,733.46,0,0.48855,0.029743,19,0,0
436,11,1,446,1163573100,1758600,0.001321,2375.7,0,0.26952,0.263,6,0,0
437,12,1,450,2417400,1421100,0.016841,2287.7,0,0.65405,0.20351,10,0,0
438,23,1,440,5089500,5089500,0.001342,3507.4,0,0.75567,0.032689,12,1,0
439,12,1,450,19241100,4790700,0.009415,3526.2,0,0.19002,0.1429,10,0,0
440,15,1,439,14450400,9360900,0.000856,3435.2,0,0.75524,0.018902,11,0,0
441,20,1,442,874867500,2585700,0.003942,2612.1,0,0.37857,0.31718,6,0,0
442,11,1,460,876489300,1621800,0.002394,2609.5,0,0.2538,0.48931,5,0,0
443,16,1,454,2637900,256500,0.003059,894.51,0,0.23338,0.22863,25,0,0
444,16,1,454,5748300,5748300,0.004036,2759.6,0,0.63768,0.0047588,25,1,0
445,14,1,451,25754400,1350900,0.002988,1391.5,0,0.18096,0.11466,19,0,0
446,11,1,460,1978911000,2447100,0.001645,2915.3,0,0.23706,0.3134,5,0,0
447,17,1,413,16380000,16380000,0.002206,4294.1,0,0.45625,0.071202,35,1,0
448,7,1,455,38048400,788400,0.005767,1122.2,0,0.65291,0.12226,18,0,0
449,13,1,436,1156703400,3231000,0.001628,4692.4,0,0.42427,0.40171,7,0,0
450,12,1,452,22402800,744300,0.006637,588.7,0,0.034729,0.14927,9,0,0
451,14,1,455,919125000,5156100,0.001256,4041.3,0,0.19454,0.085927,18,0,0
452,12,1,449,1150233300,733500,0.000918,1763.1,0,0.062572,0.39442,8,0,0
453,16,1,428,180626400,2293200,0.001617,1823.7,0,0.36313,0.061135,23,0,0
454,16,1,453,13874400,5488200,0.001345,4879.7,0,0.468,0.05942,24,0,0
455,7,1,488,957249900,76500,0.000163,369.72,0,0.17739,0.28143,17,0,0
456,19,1,434,5431500,5431500,0.001407,4543.4,0,0.70189,0.013248,20,1,0
457,11,1,472,4482000,4482000,0.027104,1941.5,0,0.80666,0.12623,4,1,0
458,12,1,452,1127097000,2130300,0.001136,2420.2,0,0.022322,0.24925,9,0,0
459,16,1,453,164458800,1006200,0.00037,804.06,0,0.6443,0.061774,24,0,0
460,11,1,472,2858645700,3245400,0.000761,4144.3,0,0.41498,0.35816,4,0,0
461,12,1,458,4675500,4675500,0.018969,2094.7,0,0.65851,0.093789,10,1,0
462,16,1,463,13188600,13188600,0.001882,2990.9,0,0.54173,0.035654,26,1,0
463,16,1,459,16163100,2974500,0.001951,3021.2,0,0.63089,0.039169,25,0,0
464,27,1,432,5501700,4797900,0.001488,4061.8,0,0.52513,0.025425,36,0,0
465,11,1,436,5111100,5111100,0.018065,2690.7,0,0.56112,0.13356,7,1,0
466,13,1,449,3239100,3239100,0.018844,2203.3,0,0.69378,0.16693,8,1,0
467,14,1,468,7918200,7918200,0.000225,3063.3,0,0.84268,0.035236,21,1,0
468,14,1,445,11162700,3244500,0.002748,3281.2,0,0.68754,0.0083218,20,0,0
469,7,1,488,6882300,6882300,0.001656,4033.9,0,0.5316,0.038956,17,1,0
470,16,1,459,147289500,4468500,0.000798,1513.4,0,0.16378,0.019285,25,0,0
471,10,1,473,3139200,3139200,0.024415,2405.2,0,0.73864,0.20283,3,1,0
472,11,1,473,2866106700,2979000,0.001113,2531.3,0,0.31983,0.52516,3,0,0
473,10,1,476,2869460100,214200,0.005096,506.29,0,0,0.74531,2,0,0
474,10,1,476,3294000,3294000,0.016561,3965.9,0,0.43244,0.32462,2,1,0
475,10,1,483,5868900,5868900,0.022307,2846.8,0,0.63448,0.21328,1,1,0
476,10,1,483,2873060100,306000,0.00047,707.32,0,0,0.45219,1,0,0
477,14,1,445,13240800,13240800,0.000716,4035.8,0,0.78989,0.049706,20,1,0
478,27,1,479,6579000,5414400,0.001671,3775.9,0,0.62115,0.011609,37,0,0
479,27,1,432,13165200,6586200,0.001464,3583.1,0,0.71205,0.024713,36,0,0
480,8,1,493,977400,977400,0.005,538.28,0,0.035519,0.00061067,28,1,0
481,8,1,493,3203100,3203100,0.014688,197.11,0,0.52153,0.017676,28,1,0
482,12,1,458,1120291200,5138100,0.002068,4441.4,0,0.33248,0.32169,10,0,0
483,10,1,-1,2879883000,954000,0.000417,1644.4,0,0.030573,0.27548,0,0,0
484,8,1,470,129852000,2583900,0.000575,1860,0,0.36575,0.048967,26,0,0
485,8,1,484,120307500,3600,0.002056,62.14,0,0.069964,0.93004,27,0,0
486,12,1,487,1098693900,2362500,0.000737,2668.3,0,0.18716,0.28069,12,0,0
487,12,1,482,1100075400,1381500,0.001552,2652,0,0.23612,0.49911,11,0,0
488,7,1,489,967405500,3273300,0.000167,4539,0,0.35128,0.11748,16,0,0
489,7,1,499,970113600,2708100,0.000858,4591.1,0,0.48217,0.18435,15,0,0
490,7,1,499,108657000,261000,0.000878,614.06,0,0.38609,0.24903,15,0,0
491,7,1,490,3933000,3933000,0.010665,1336.5,0,0.4023,0.029122,16,1,0
492,16,1,470,12969000,12969000,0.001779,3352.3,0,0.54029,0.047456,26,1,0
493,8,1,484,6960600,2780100,0.001175,2624.2,0,0.35691,0.070306,27,0,0
494,12,1,482,15077700,655200,0.011827,1329.2,0,0.51139,0.35345,11,0,0
495,12,1,494,4097700,234900,0.002097,593.68,0,0.90812,0.091879,12,0,0
496,12,1,486,7136100,5079600,0.017136,1160,0,0.56123,0.028011,13,0,0
497,12,1,597,3358800,1122300,0.003746,1368.9,0,0.661,0.053114,14,0,0
498,3,1,609,1044000,487800,0.005242,1129.2,0,8.20E-12,0,27,0,0
499,7,1,500,1082741400,3970800,0.000595,4972.5,0,0.1744,0.22418,14,0,0
500,12,1,486,1089195300,6453900,0.001255,4919.5,0,0.17331,0.12811,13,0,0
501,1,1,621,5742900,61200,0.001651,406.34,0,0.48389,0.51611,37,0,0
502,6,1,515,3146400,3146400,0.010383,810.74,0,0.73381,0.16655,35,1,0
503,9,1,505,7707600,7101900,0.002279,3641.7,0,0.63812,0.034792,37,0,0
504,6,1,515,19832400,6876000,0.000746,3895.3,0,0.56113,0.08447,35,0,0
505,6,1,504,12956400,5248800,0.001765,3514.4,0,0.087324,0.027542,36,0,0
506,12,1,494,10324800,2741400,0.003839,1882.6,0,0.38222,0.084657,12,0,0
507,7,1,490,104463000,2034000,0.002172,2531.5,0,0.66192,0.17377,16,0,0
508,3,1,607,14488200,2333700,0.000247,1373.3,0,0.072782,0.021559,25,0,0
509,7,1,512,3506400,3506400,0.001788,2341.9,0,0.26658,0.015697,19,1,0
510,7,1,507,95037300,375300,0.002552,1187.8,0,0.55123,0.14182,17,0,0
511,8,1,613,2037600,427500,0.007663,765.93,0,0.7037,0.22584,29,0,0
512,7,1,510,66893400,12695400,0.003213,3572.6,0,0.58526,0.040072,18,0,0
513,8,1,613,1072800,163800,0.009363,609.92,0,0,1.83E-13,29,0,0
514,1,1,516,8161200,1413900,0.008374,2066.1,0,0.68439,0.28863,35,0,0
515,6,1,525,26423100,3444300,0.001886,3508.3,0,0.42206,0.085059,34,0,0
516,1,1,525,17017200,77400,0.00345,357.59,0,0.60096,0.30601,34,0,0
517,12,1,518,4176900,2155500,0.000119,2705.7,0,0.34763,0.086569,15,0,0
518,12,1,599,7416000,3239100,0.004144,2734.2,0,0.15039,0.013922,14,0,0
519,1,1,520,4725900,4725900,0.003639,3214.7,0,0.56628,0.042327,36,1,0
520,1,1,516,8778600,4052700,0.005253,2827.8,0,0.8519,0.067534,35,0,0
521,5,1,522,5971500,5971500,0.000778,2724.9,0,0.43925,0.048468,30,1,0
522,5,1,613,8773200,2801700,0.001527,2658.1,0,0.35888,0.063132,29,0,0
523,1,1,619,1050300,139500,0.000886,457.54,0,0.14267,0.031523,32,0,0
524,8,1,613,5378400,5378400,0.00848,2753.8,0,0.43643,0.086545,29,1,0
525,1,1,618,44352000,911700,0.001343,1692.5,0,0.54087,0.21933,33,0,0
526,7,1,512,50691600,1730700,0.001699,2337.9,0,0.54979,0.045196,19,0,0
527,7,1,507,7391700,7391700,0.002175,4001,0,0.19328,0.013503,17,1,0
528,2,1,608,18801900,733500,0.0001,437.72,0,0.035725,0.023998,23,0,0
529,1,1,533,45119700,216000,0.001243,245.18,0,0.13637,0.042945,31,0,0
530,4,1,510,27768600,5221800,0.00185,3212,0,0.12143,0.062704,18,0,0
531,1,1,533,2188800,1514700,0.001856,2459.4,0,0.10708,0.00017021,31,0,0
532,1,1,536,3453300,1752300,0.003692,2067.4,0,0.31639,0.10068,30,0,0
533,1,1,536,50760000,3451500,0.001967,3338.3,0,0.37726,0.08661,30,0,0
534,7,1,606,45903600,1238400,0.002622,801.84,0,0.5193,0.01355,21,0,0
535,8,1,613,16373700,256500,0.000287,827.79,0,0.0031457,0.046759,29,0,0
536,1,1,613,55094400,881100,0.00046,1160.6,0,0.36771,0.082852,29,0,0
537,8,1,615,4469400,2376000,0.002713,2326,0,0.70869,0.085739,31,0,0
538,2,1,608,1463400,148500,0.003286,497.59,0,0.05178,0.17183,23,0,0
539,8,1,613,4827600,216900,0.000689,450.42,0,0.0039634,0.18419,29,0,0
540,66,1,208,281576700,1279800,0.0001,1661.4,0,0.13229,0.070246,25,0,0
541,42,2,356,11841300,540900,0.0001,243.7,59387,0.11901,0.0046115,13,0,95.555
542,42,2,285,11190600,2158200,0.0001,434.56,188850,0.033638,0.033262,15,0,49.371
543,64,2,213,7217100,1418400,0.0001,280.99,78954,0.85298,0.04097,20,0,100
544,64,2,133,2640600,2640600,0.0001,430.9,185670,0.54753,0.027242,22,1,50.683
545,73,3,139,12007800,12007800,0.0001,2380.1,5665000,0.41361,0.067029,21,1,1.9642
546,61,2,176,2712600,2712600,0.0001,106.01,11239,0.010967,0.0064563,24,1,32.553
547,76,2,132,3635100,3635100,0.0001,294.81,86911,0.93656,0,29,1,100
548,79,2,118,1477800,1477800,0.0001,696.17,484660,1.35E-12,0,23,1,64.315
549,79,3,98,2410200,2410200,0.0001,1035.1,1071400,0.23564,0.16494,25,1,21.028
550,76,2,120,3691800,738000,0.0001,346.05,119750,0.56714,0.098537,30,0,22.628
551,76,2,73,2915100,2915100,0.0001,422.01,178090,0.65489,0,32,1,96.823
552,93,2,53,60037200,15259500,0.0001,2314.6,5357500,0.42925,0.061719,28,0,60.963
553,98,2,29,9134100,9134100,0.0001,949.19,900970,0.65497,0.0635,30,1,66.682
554,101,2,11,511200,511200,0.0001,424.4,180110,0.63675,0,31,1,67.021
555,81,2,110,6600600,1069200,0.0001,531.32,282300,0.089884,0.023758,29,0,29.816
556,81,2,109,1582200,1582200,0.0001,293.75,86288,0.87355,0,31,1,74.908
557,82,2,66,734400,734400,0.0001,476.7,227250,0.7359,0,32,1,88.614
558,90,2,46,2385900,2385900,0.0001,573.59,329010,0.7142,0,31,1,97.95
559,77,2,136,537750,537750,0.0001,374.13,139970,0.098403,0,32,1,100
560,77,3,128,140276700,14489550,0.0001,2812.4,7909800,0.26859,0.0021248,30,0,23.766
561,86,2,72,4759200,4759200,0.0001,639.46,408910,0.25839,0,33,1,49.239
562,91,2,49,5625900,5625900,0.0001,638.46,407630,0.52025,0.016453,36,1,72.949
563,91,3,32,3303000,3303000,0.0001,605.21,366280,0.52663,0,39,1,42.004
564,70,2,148,1130400,1130400,0.0001,374.4,140170,5.31E-12,0,30,1,99.319
565,12,2,437,996300,996300,0.0001,106.15,11267,0.67755,0.059152,11,1,88.98
566,40,2,297,2381400,2381400,0.0001,361.77,130880,0.78162,0.0031485,19,1,100
567,40,2,301,3097800,3097800,0.0001,805.07,648140,0.59719,0.073246,18,1,58.714
568,28,3,306,5229900,5229900,0.0001,1115.6,1244500,0.60402,0.028649,18,1,29.251
569,40,3,231,4490100,4490100,0.0001,923.59,853020,0.39914,0.01212,22,1,36.452
570,40,2,207,12065400,3450600,0.0001,816.97,667440,0.029955,0.0020117,24,0,33.986
571,54,2,227,3731400,3731400,0.0001,889.88,791890,0.55218,0,29,1,83.926
572,66,2,182,3787200,3787200,0.0001,347.41,120690,0.43907,0,26,1,80.258
573,57,2,226,1167300,1167300,0.0001,352.42,124200,0,0,30,1,100
574,52,2,261,9814500,9814500,0.0001,1065.9,1136100,0.71542,0.012908,28,1,99.205
575,67,2,171,11914200,11914200,0.0001,585.23,342490,0.3841,0.0077765,29,1,75.981
576,66,3,174,42623100,1261800,0.0001,558.65,312090,0.20697,0,27,0,7.0346
577,66,2,140,11948400,11948400,0.0001,1206.7,1456200,0.49256,0,29,1,69.478
578,70,2,137,2158200,2158200,0.0001,257.74,66430,0.70004,0,33,1,88.759
579,70,2,138,1348200,1348200,0.0001,262.42,68865,0.66899,0.036208,33,1,97.12
580,71,2,192,6933600,6933600,0.0001,901.8,813240,0.21297,0.041012,34,1,65.769
581,83,2,84,1532700,1532700,0.0001,736.46,542370,0.47222,0.052348,40,1,43.067
582,96,3,43,31068900,24471000,0.0001,3108.4,9662400,0.25182,0.05596,40,0,11.73
583,100,2,23,4557600,4557600,0.0001,233.8,54661,0.77954,0.0086294,44,1,62.941
584,103,2,2,753300,753300,0.0001,232.26,53945,0.75108,0.045339,43,1,100
585,103,2,1,1261800,1261800,0.0001,410.36,168390,1.66E-12,0,43,1,53.95
586,43,2,271,1675800,1675800,0.0001,297.88,88735,0.46125,0,36,1,100
587,45,2,262,4236300,4236300,0.0001,435.36,189540,0.88091,0.013213,31,1,96.218
588,41,3,296,10653300,5165100,0.0001,1313.2,1724500,0.16903,0.025551,33,0,24.414
589,43,3,274,3760200,2162700,0.0001,818.04,669180,0.58966,0.019011,34,0,30.613
590,43,2,268,1551600,1551600,0.0001,482.84,233130,0.033643,0,36,1,93.129
591,38,2,321,4215600,4215600,0.0001,452.6,204850,0.60058,0.032186,30,1,71.292
592,38,2,302,1140300,1140300,0.0001,396.97,157590,5.26E-12,0,29,1,100
593,36,2,358,1558800,1558800,0.0001,199.83,39932,0.81818,0,26,1,100
594,37,3,305,165413700,3388500,0.0001,1101.9,1214100,0.50384,0,24,0,26.38
595,35,3,339,2034900,2034900,0.0001,776.75,603340,0.59402,0.046495,23,1,19.075
596,35,3,364,14530500,1502100,0.0001,654.39,428230,0.63955,0,20,0,31.519
597,12,2,495,3862800,504000,0.0001,271.42,73666,0.4222,0.013907,13,0,61.577
598,12,2,497,2236500,2236500,0.0001,347.48,120740,0.19973,0.03485,15,1,100
599,12,2,506,7583400,167400,0.0001,162.67,26460,0.023589,0.061736,13,0,100
600,12,2,517,2021400,2021400,0.0001,672.13,451750,0.29175,0,16,1,81.607
601,12,2,496,2056500,2056500,0.0001,703.75,495270,0.40415,0,14,1,49.378
602,7,2,435,228600,228600,0.0001,307.78,94729,0.58246,0,20,1,89.233
603,24,2,415,24449400,9755100,0.0001,1542.6,2379800,0.57352,0.011057,21,0,79.11
604,4,2,530,22546800,22546800,0.0001,2705.6,7320200,0.41317,0.009922,19,1,52.205
605,3,2,498,556200,556200,0.0001,413.47,170960,3.60E-12,0,28,1,85.856
606,7,3,526,48960900,3057300,0.0001,639.08,408420,0.030378,0,20,0,28.762
607,3,2,528,18068400,3580200,0.0001,864.33,747070,0.40627,0,24,0,98.492
608,2,3,534,44665200,24399900,0.0001,2823,7969300,0.11463,0.032167,22,0,15.087
609,3,2,508,12154500,11110500,0.0001,1828,3341400,0.42175,0.037299,26,0,49.333
610,2,2,538,1314900,1314900,0.0001,433.28,187730,0,0,24,1,77.243
611,8,2,535,16117200,16117200,0.0001,1839.5,3383900,0.2378,0,30,1,80.83
612,8,2,513,909000,909000,0.0001,288.28,83108,0,0,30,1,33.537
613,8,3,485,120303900,26746200,0.0001,3438.2,11821000,0.16427,0.06223,28,0,16.087
614,8,2,511,1610100,1610100,0.0001,196.21,38500,0.76169,0.15446,30,1,84.375
615,8,2,539,4610700,141300,0.0001,179.57,32245,0.14208,0,30,0,100
616,8,3,537,2093400,2093400,0.0001,1009.1,1018300,0.21673,0.11438,32,1,21.984
617,1,2,531,674100,674100,0.0001,354.43,125620,0,0,32,1,69.787
618,1,2,529,44903700,551700,0.0001,296.93,88168,0.70493,0.062553,32,0,80.598
619,1,2,532,1701000,650700,0.0001,372.38,138670,0.18616,0.11538,31,0,42.64
620,1,2,523,910800,910800,0.0001,295.94,87578,0,0,33,1,70.794
621,1,2,514,6747300,1004400,0.0001,456.58,208470,0.57107,0.16617,36,0,75.15
622,1,2,501,5681700,5681700,0.0001,644.68,415610,0.50555,0.0056783,38,1,76.758
623,27,2,478,1164600,1164600,0.0001,253.02,64018,0,0,38,1,100
624,9,2,503,605700,605700,0.0001,171.08,29269,0,0,38,1,85.16
625,27,2,464,703800,703800,0.0001,215.32,46362,0,0,37,1,100
626,18,2,427,16339500,16339500,0.0001,2085.7,4350200,0.29149,0.0042824,24,1,55.083
627,16,2,443,2381400,2381400,0.0001,335.81,112770,0.89352,0,26,1,91.337
628,26,2,401,2738700,2738700,0.0001,356.07,126780,0.67789,0,30,1,100
629,21,2,377,3121200,3121200,0.0001,314.06,98631,0.87685,0,27,1,59.309
630,26,2,399,3851100,130500,0.0001,105.57,11145,0.45157,0.36256,28,0,0
631,26,2,416,6938100,3357900,0.0001,290.42,84343,0.40342,0.008721,30,0,85.93
632,26,2,412,2683800,2683800,0.0001,366.45,134290,0.66978,0.00070965,32,1,97.53
633,26,2,408,5505300,998100,0.0001,576.48,332330,0.73001,0,30,0,96.951
634,25,2,350,5344200,481500,0.0001,380.73,144950,0.010241,0,39,0,82.328
635,32,2,361,1620900,1620900,0.0001,183.05,33507,0,0,43,1,94.36
636,32,2,347,1926900,60300,0.0001,98.36,9675.3,0,0,41,0,100
637,33,2,318,1154700,1154700,0.0001,211.96,44927,0.052649,0,44,1,89.764
638,47,2,269,1808100,174600,0.0001,214.5,46012,0.7796,0,49,0,73.64
639,47,3,259,4374000,4374000,0.0001,633.95,401900,0.55388,0.080385,43,1,18.444
640,53,3,186,34113600,620100,0.0001,412.08,169810,0.007967,0,50,0,47.288
641,53,3,201,1104300,1104300,0.0001,607.37,368900,9.06E-13,0,52,1,0.21969
642,62,2,195,2070000,2070000,0.0001,417.7,174470,0.00089433,0,54,1,55.871
643,62,2,202,6363000,6363000,0.0001,734.17,539000,0.36792,0.05647,55,1,51.614